
-- Person
INSERT INTO Person (pid,pname,email) VALUES (102,'Graiden Wilkins','mauris.eu@convallisconvallis.ca');
INSERT INTO Person (pid,pname,email) VALUES (103,'Brandon Horton','luctus.aliquet@ametrisusDonec.ca');
INSERT INTO Person (pid,pname,email) VALUES (106,'Drew Lott','pharetra.nibh.Aliquam@posuerevulputate.co.uk');
INSERT INTO Person (pid,pname,email) VALUES (107,'Michelle Farley','sem.semper@quisdiamluctus.net');
INSERT INTO Person (pid,pname,email) VALUES (108,'Reese Harper','magna.Nam@metus.co.uk');
INSERT INTO Person (pid,pname,email) VALUES (117,'Talon Shelton','molestie.sodales@Proinnonmassa.com');
INSERT INTO Person (pid,pname,email) VALUES (118,'Donald O. Hamnes','dohamnes@stcloudstate.edu');
INSERT INTO Person (pid,pname,email) VALUES (119,'Stephanie Gordon','libero.lacus@sagittis.org');
INSERT INTO Person (pid,pname,email) VALUES (120,'Jacob Wheeler','quam.a.felis@morbitristiquesenectus.ca');
INSERT INTO Person (pid,pname,email) VALUES (121,'Victoria Holder','mollis@Nunc.net');
INSERT INTO Person (pid,pname,email) VALUES (122,'Aspen Ayala','dolor.Donec@vitaemaurissit.net');
INSERT INTO Person (pid,pname,email) VALUES (123,'Melissa Hernandez','laoreet.lectus.quis@non.co.uk');
INSERT INTO Person (pid,pname,email) VALUES (124,'Bertha Santos','porta.elit@blanditat.org');
INSERT INTO Person (pid,pname,email) VALUES (125,'Barbara Page','erat.Etiam@mollis.edu');
INSERT INTO Person (pid,pname,email) VALUES (126,'Iliana Peterson','luctus.ipsum@scelerisque.com');
INSERT INTO Person (pid,pname,email) VALUES (130,'Conan Johns','sagittis.felis@Suspendisseseddolor.edu');
INSERT INTO Person (pid,pname,email) VALUES (131,'Candice Clemons','nascetur.ridiculus.mus@eueuismod.com');
INSERT INTO Person (pid,pname,email) VALUES (134,'Patricia Curtis','lorem.eget@lobortisrisus.org');
INSERT INTO Person (pid,pname,email) VALUES (135,'Neil Knowles','interdum@rhoncusProin.com');
INSERT INTO Person (pid,pname,email) VALUES (141,'Olga Martinez','pede@Vivamussitamet.ca');
INSERT INTO Person (pid,pname,email) VALUES (142,'Upton Booker','sit.amet@eratneque.edu');
INSERT INTO Person (pid,pname,email) VALUES (145,'Alyssa Gilmore','erat.Vivamus.nisi@ipsumnon.edu');
INSERT INTO Person (pid,pname,email) VALUES (146,'Logan Oneil','leo.Cras@rhoncus.org');
INSERT INTO Person (pid,pname,email) VALUES (147,'Bryant A. Julstrom','julstrom@stcloudstate.edu');
INSERT INTO Person (pid,pname,email) VALUES (150,'Yolanda Glover','arcu@ipsum.co.uk');
INSERT INTO Person (pid,pname,email) VALUES (151,'Charity Stevens','vestibulum.lorem@necorciDonec.ca');
INSERT INTO Person (pid,pname,email) VALUES (152,'Allen Carr','nisi.Mauris@mauriseu.edu');
INSERT INTO Person (pid,pname,email) VALUES (153,'Alexa Thomas','Proin.nisl@adlitora.net');

-- Author
INSERT INTO Author (pid) VALUES (102);
INSERT INTO Author (pid) VALUES (103);
INSERT INTO Author (pid) VALUES (117);
INSERT INTO Author (pid) VALUES (118);
INSERT INTO Author (pid) VALUES (119);
INSERT INTO Author (pid) VALUES (120);
INSERT INTO Author (pid) VALUES (121);
INSERT INTO Author (pid) VALUES (122);
INSERT INTO Author (pid) VALUES (123);
INSERT INTO Author (pid) VALUES (124);
INSERT INTO Author (pid) VALUES (125);
INSERT INTO Author (pid) VALUES (126);
INSERT INTO Author (pid) VALUES (130);
INSERT INTO Author (pid) VALUES (141);
INSERT INTO Author (pid) VALUES (142);
INSERT INTO Author (pid) VALUES (145);
INSERT INTO Author (pid) VALUES (146);
INSERT INTO Author (pid) VALUES (147);
INSERT INTO Author (pid) VALUES (150);
INSERT INTO Author (pid) VALUES (151);
INSERT INTO Author (pid) VALUES (152);
INSERT INTO Author (pid) VALUES (153);

-- Editor
INSERT INTO Editor (pid) VALUES (102);
INSERT INTO Editor (pid) VALUES (103);
INSERT INTO Editor (pid) VALUES (106);
INSERT INTO Editor (pid) VALUES (107);
INSERT INTO Editor (pid) VALUES (108);
INSERT INTO Editor (pid) VALUES (117);
INSERT INTO Editor (pid) VALUES (130);
INSERT INTO Editor (pid) VALUES (131);
INSERT INTO Editor (pid) VALUES (134);
INSERT INTO Editor (pid) VALUES (135);


--Publishing Company
INSERT INTO Publishing_Company (pcid,pcname,phone) VALUES (37270,'African Zoology','(923) 220-2258');
INSERT INTO Publishing_Company (pcid,pcname,phone) VALUES (45671,'Pacific Historical Review','(303) 730-6120');
INSERT INTO Publishing_Company (pcid,pcname,phone) VALUES (27542,'Energy and Environment','(375) 226-9301');
INSERT INTO Publishing_Company (pcid,pcname,phone) VALUES (87623,'Ancient Philosophy','(801) 498-2467');
INSERT INTO Publishing_Company (pcid,pcname,phone) VALUES (12076,'Journal of Herpetology','(672) 912-7717');
INSERT INTO Publishing_Company (pcid,pcname,phone) VALUES (31677,'International Journal of Engineering Science','(376) 472-0107');
INSERT INTO Publishing_Company (pcid,pcname,phone) VALUES (17588,'GeoArabia','(860) 763-0417');
INSERT INTO Publishing_Company (pcid,pcname,phone) VALUES (15470,'Readers Digest','(267) 683-1872');
INSERT INTO Publishing_Company (pcid,pcname,phone) VALUES (77523,'Foreign Policy','(339) 542-0730');
INSERT INTO Publishing_Company (pcid,pcname,phone) VALUES (73864,'Bon Appétit','(816) 349-2982');
INSERT INTO Publishing_Company (pcid,pcname,phone) VALUES (02585,'Forbes','(978) 865-6009');
INSERT INTO Publishing_Company (pcid,pcname,phone) VALUES (79566,'The Family Handyman','(773) 303-7520');
INSERT INTO Publishing_Company (pcid,pcname,phone) VALUES (20527,'Harper and Brothers','(220) 649-5445');
INSERT INTO Publishing_Company (pcid,pcname,phone) VALUES (75892,'Nanhai','(533) 772-6290');
INSERT INTO Publishing_Company (pcid,pcname,phone) VALUES (85680,'Secker and Warburg','(573) 264-7543');
INSERT INTO Publishing_Company (pcid,pcname,phone) VALUES (00451,'Thomas Cautley Newby','(269) 196-7609');
INSERT INTO Publishing_Company (pcid,pcname,phone) VALUES (45762,'Hogarth Press','(126) 751-6855');
INSERT INTO Publishing_Company (pcid,pcname,phone) VALUES (73243,'Heinemann','(481) 961-9895');
INSERT INTO Publishing_Company (pcid,pcname,phone) VALUES (28954,'Louisiana State University Press','(802) 934-0834');
INSERT INTO Publishing_Company (pcid,pcname,phone) VALUES (44641,'Verlag Die Schmiede','(437) 382-7361');
INSERT INTO Publishing_Company (pcid,pcname,phone) VALUES (76522,'Faber and Faber','(651) 960-7610');
INSERT INTO Publishing_Company (pcid,pcname,phone) VALUES (14891,'Gerald Duckworth and Company Ltd','(429) 359-7754');
INSERT INTO Publishing_Company (pcid,pcname,phone) VALUES (98567,'Penguin Books','(561) 716-4054');
INSERT INTO Publishing_Company (pcid,pcname,phone) VALUES (25228,'Charles Scribners Sons','(592) 751-1010');
INSERT INTO Publishing_Company (pcid,pcname,phone) VALUES (45629,'IASTED International Conference on Artificial Intelligence and Applications','(557) 247-1698');
INSERT INTO Publishing_Company (pcid,pcname,phone) VALUES (12354,'Structures Congress','(356) 547-1618');
INSERT INTO Publishing_Company (pcid,pcname,phone) VALUES (03485,'Association of Energy Engineers','(877) 243-1621');
INSERT INTO Publishing_Company (pcid,pcname,phone) VALUES (15587,'28th Chinese Control and Decision Conference','(908) 217-1888');

-- Address
INSERT INTO Address (street,city,state) VALUES ('723 Imperdiet, St.','Dublin','Pennsylvania');
INSERT INTO Address (street,city,state) VALUES ('Ap #426-3290 Arcu. Road','Arquata del Tronto','Minnesota');
INSERT INTO Address (street,city,state) VALUES ('Ap #983-1695 Sagittis. St.','Orai','Minnesota');
INSERT INTO Address (street,city,state) VALUES ('777-7445 Non Avenue','Wodonga','Nebraska');
INSERT INTO Address (street,city,state) VALUES ('591-127 Id, Avenue','Dublin','Pennsylvania');
INSERT INTO Address (street,city,state) VALUES ('784-5985 Magna. Avenue','Cáceres','Nebraska');
INSERT INTO Address (street,city,state) VALUES ('3200 Quisque St.','Waitara','Minnesota');
INSERT INTO Address (street,city,state) VALUES ('5976 In St.','Morvi','Minnesota');
INSERT INTO Address (street,city,state) VALUES ('8043 Eu Rd.','Hattiesburg','Mississippi');
INSERT INTO Address (street,city,state) VALUES ('Ap #142-5999 In, St.','Istanbul','Delaware');
INSERT INTO Address (street,city,state) VALUES ('823-6082 Aliquet Street','Münster','Nebraska');
INSERT INTO Address (street,city,state) VALUES ('5663 Ut St.','Täby','Nebraska');
INSERT INTO Address (street,city,state) VALUES ('986-6598 A, St.','Southend','Nebraska');
INSERT INTO Address (street,city,state) VALUES ('384-4624 Id, Ave','Castelló','Minnesota');
INSERT INTO Address (street,city,state) VALUES ('Ap #811-9645 Luctus. St.','Newark','Minnesota');
INSERT INTO Address (street,city,state) VALUES ('3551 Donec Rd.','Kapiti','Wyoming');
INSERT INTO Address (street,city,state) VALUES ('837-2305 Elementum Ave','Vienna','Nebraska');
INSERT INTO Address (street,city,state) VALUES ('P.O. Box 729, 5301 Pede Av.','Bulandshahr','Nebraska');
INSERT INTO Address (street,city,state) VALUES ('P.O. Box 534, 5001 Gravida. St.','Taupo','South Carolina');
INSERT INTO Address (street,city,state) VALUES ('Ap #361-8040 Vitae Av.','Cache Creek','New Hampshire');
INSERT INTO Address (street,city,state) VALUES ('P.O. Box 277, 6619 Tincidunt Av.','Liberia','Hawaii');
INSERT INTO Address (street,city,state) VALUES ('Ap #624-9680 Donec Ave','Barranca','New Hampshire');
INSERT INTO Address (street,city,state) VALUES ('P.O. Box 190, 9744 Auctor. St.','Haarlem','Maryland');
INSERT INTO Address (street,city,state) VALUES ('P.O. Box 232, 5659 Sed Avenue','Tarnów','Maryland');
INSERT INTO Address (street,city,state) VALUES ('703-9416 Semper St.','Borno','Michigan');
INSERT INTO Address (street,city,state) VALUES ('6850 Pharetra. St.','Shreveport','Colorado');
INSERT INTO Address (street,city,state) VALUES ('Ap #473-9604 Phasellus Street','Columbia','Minnesota');
INSERT INTO Address (street,city,state) VALUES ('Ap #468-2092 Ac, Rd.','Silchar','Minnesota');
INSERT INTO Address (street,city,state) VALUES ('5609 Auctor Street','Berlin','Minnesota');
INSERT INTO Address (street,city,state) VALUES ('946-7062 Nulla St.','Albacete','Minnesota');
INSERT INTO Address (street,city,state) VALUES ('P.O. Box 194, 6625 Pede, Street','Värnamo','Minnesota');
INSERT INTO Address (street,city,state) VALUES ('243 Lacus. Rd.','Dollard-des-Ormeaux','Quebec');
INSERT INTO Address (street,city,state) VALUES ('Ap #757-4829 Malesuada Avenue','Acireale','Minnesota');
INSERT INTO Address (street,city,state) VALUES ('192-9330 In St.','Stamford','Connecticut');
INSERT INTO Address (street,city,state) VALUES ('318-3010 Mauris Street','Whitewater Region Township','Ontario');
INSERT INTO Address (street,city,state) VALUES ('2205 Mollis. Rd.','Kızılcahamam','Ontario');
INSERT INTO Address (street,city,state) VALUES ('P.O. Box 249, 6195 Ultrices Av.','Åkersberga','Ontario');
INSERT INTO Address (street,city,state) VALUES ('9787 Risus. St.','Batiscan','Minnesota');
INSERT INTO Address (street,city,state) VALUES ('P.O. Box 664, 6374 Ornare. St.','Martigues','Minnesota');
INSERT INTO Address (street,city,state) VALUES ('Ap #599-5532 Quis, Road','Ankara','Minnesota');
INSERT INTO Address (street,city,state) VALUES ('8108 Elit, Street','Flushing','Texas');
INSERT INTO Address (street,city,state) VALUES ('Ap #859-3812 Lorem St.','Ajax','Texas');
INSERT INTO Address (street,city,state) VALUES ('8127 Nullam Ave','Vienna','Nebraska');
INSERT INTO Address (street,city,state) VALUES ('P.O. Box 929, 3642 Arcu. Rd.','Foz do Iguaçu','Rhode Island');
INSERT INTO Address (street,city,state) VALUES ('157-7287 Ipsum St.','Tilburg','Mississippi');
INSERT INTO Address (street,city,state) VALUES ('Ap #557-8932 Eu Rd.','Heerhugowaard','Nebraska');
INSERT INTO Address (street,city,state) VALUES ('P.O. Box 892, 8153 Elementum Av.','Cornwall','Ontario');
INSERT INTO Address (street,city,state) VALUES ('P.O. Box 134, 8836 Eu Rd.','Pero','Nebraska');
INSERT INTO Address (street,city,state) VALUES ('4409 Nulla St.','Boo','Nebraska');
INSERT INTO Address (street,city,state) VALUES ('936-1974 Non, Avenue','Mataró','Colorado');
INSERT INTO Address (street,city,state) VALUES ('9147 Nec Rd.','Coltauco','Rhode Island');
INSERT INTO Address (street,city,state) VALUES ('625-4729 Ipsum Road','Châtellerault','Delaware');

-- Subscription
INSERT INTO Subscription (sid,slen,begin_date,fee) VALUES ('HTC81ARU6VV',12,'19-Nov-19','$700');
INSERT INTO Subscription (sid,slen,begin_date,fee) VALUES ('JZK68EZI9CN',23,'19-Apr-19','$1320');
INSERT INTO Subscription (sid,slen,begin_date,fee) VALUES ('LAY62ERU4CX',12,'23-Sep-23','$700');
INSERT INTO Subscription (sid,slen,begin_date,fee) VALUES ('MRN33QSD9ZS',3,'10-Jun-10','$900');
INSERT INTO Subscription (sid,slen,begin_date,fee) VALUES ('AYG49JID9QS',2,'24-May-24','$900');
INSERT INTO Subscription (sid,slen,begin_date,fee) VALUES ('ULB07XAU1AJ',8,'21-Jan-21','$700');
INSERT INTO Subscription (sid,slen,begin_date,fee) VALUES ('DGK38CIH5HH',18,'5-Jan-05','$500');
INSERT INTO Subscription (sid,slen,begin_date,fee) VALUES ('NNP32LKF4VK',12,'7-Sep-07','$700');
INSERT INTO Subscription (sid,slen,begin_date,fee) VALUES ('QWE93IZB7XI',8,'31-Aug-31','$900');
INSERT INTO Subscription (sid,slen,begin_date,fee) VALUES ('ALC68UVE0WM',12,'27-Oct-27','$700');

-- User
INSERT INTO Users (user_id,uname) VALUES ('u1000','Leonard Mckenzie');
INSERT INTO Users (user_id,uname) VALUES ('u1050','Ora Pacheco');
INSERT INTO Users (user_id,uname) VALUES ('u1100','Nasim Mercer');
INSERT INTO Users (user_id,uname) VALUES ('u1150','Thor Branch');
INSERT INTO Users (user_id,uname) VALUES ('u1200','Mollie Schwartz');
INSERT INTO Users (user_id,uname) VALUES ('u1250','Rebecca Conrad');
INSERT INTO Users (user_id,uname) VALUES ('u1300','Eliana Decker');
INSERT INTO Users (user_id,uname) VALUES ('u1350','Griffin West');
INSERT INTO Users (user_id,uname) VALUES ('u1400','Jordan Villarreal');
INSERT INTO Users (user_id,uname) VALUES ('u1450','Penelope Copeland');

-- Viewer
INSERT INTO Viewer (vid) VALUES (1000);
INSERT INTO Viewer (vid) VALUES (1050);
INSERT INTO Viewer (vid) VALUES (1100);
INSERT INTO Viewer (vid) VALUES (1150);
INSERT INTO Viewer (vid) VALUES (1200);
INSERT INTO Viewer (vid) VALUES (1250);
INSERT INTO Viewer (vid) VALUES (1300);
INSERT INTO Viewer (vid) VALUES (1350);
INSERT INTO Viewer (vid) VALUES (1400);
INSERT INTO Viewer (vid) VALUES (1450);
INSERT INTO Viewer (vid) VALUES (1500);
INSERT INTO Viewer (vid) VALUES (1550);
INSERT INTO Viewer (vid) VALUES (1600);
INSERT INTO Viewer (vid) VALUES (1650);
INSERT INTO Viewer (vid) VALUES (1700);
INSERT INTO Viewer (vid) VALUES (1750);
INSERT INTO Viewer (vid) VALUES (1800);
INSERT INTO Viewer (vid) VALUES (1850);
INSERT INTO Viewer (vid) VALUES (1900);
INSERT INTO Viewer (vid) VALUES (1950);
INSERT INTO Viewer (vid) VALUES (2000);
INSERT INTO Viewer (vid) VALUES (2050);
INSERT INTO Viewer (vid) VALUES (2100);
INSERT INTO Viewer (vid) VALUES (2150);
INSERT INTO Viewer (vid) VALUES (2200);

-- Catalog_item
INSERT INTO Catalog_item (catid,contract_term) VALUES ('IXUU3646','6-Nov-38');
INSERT INTO Catalog_item (catid,contract_term) VALUES ('KQZJ4175','25-May-50');
INSERT INTO Catalog_item (catid,contract_term) VALUES ('ZLYG9928','12-Nov-22');
INSERT INTO Catalog_item (catid,contract_term) VALUES ('VXWY8161','22-Jun-20');
INSERT INTO Catalog_item (catid,contract_term) VALUES ('UENO6668','12-Apr-37');
INSERT INTO Catalog_item (catid,contract_term) VALUES ('IBNV2946','31-Mar-28');
INSERT INTO Catalog_item (catid,contract_term) VALUES ('BKGN1857','30-Nov-25');
INSERT INTO Catalog_item (catid,contract_term) VALUES ('NJEQ6977','25-Jan-49');
INSERT INTO Catalog_item (catid,contract_term) VALUES ('LHHD8542','24-Dec-51');
INSERT INTO Catalog_item (catid,contract_term) VALUES ('IXNJ8371','26-Sep-29');
INSERT INTO Catalog_item (catid,contract_term) VALUES ('YZAQ6317','29-Jan-34');
INSERT INTO Catalog_item (catid,contract_term) VALUES ('CEVT7059','23-Feb-54');
INSERT INTO Catalog_item (catid,contract_term) VALUES ('ABIQ2755','3-Jul-29');
INSERT INTO Catalog_item (catid,contract_term) VALUES ('RYMF2195','25-Jun-52');
INSERT INTO Catalog_item (catid,contract_term) VALUES ('QEDL4413','7-Mar-39');
INSERT INTO Catalog_item (catid,contract_term) VALUES ('OVKQ3250','5-Jan-38');
INSERT INTO Catalog_item (catid,contract_term) VALUES ('VMGS7843','22-May-47');
INSERT INTO Catalog_item (catid,contract_term) VALUES ('HZLE2432','11-Nov-31');
INSERT INTO Catalog_item (catid,contract_term) VALUES ('ITCL7144','26-Sep-37');
INSERT INTO Catalog_item (catid,contract_term) VALUES ('ZNMF0012','2-Nov-19');
INSERT INTO Catalog_item (catid,contract_term) VALUES ('RHBY3015','7-Aug-60');
INSERT INTO Catalog_item (catid,contract_term) VALUES ('NSYD3340','1-Jan-44');
INSERT INTO Catalog_item (catid,contract_term) VALUES ('ESCF0068','29-Feb-48');
INSERT INTO Catalog_item (catid,contract_term) VALUES ('HPNL1208','23-Aug-27');
INSERT INTO Catalog_item (catid,contract_term) VALUES ('HCEE1463','7-Jan-33');
INSERT INTO Catalog_item (catid,contract_term) VALUES ('LQVR8230','2-Apr-23');
INSERT INTO Catalog_item (catid,contract_term) VALUES ('VOTV6503','5-Jul-36');
INSERT INTO Catalog_item (catid,contract_term) VALUES ('TSOW8238','21-Sep-55');
INSERT INTO Catalog_item (catid,contract_term) VALUES ('ERRZ8161','24-Mar-60');
INSERT INTO Catalog_item (catid,contract_term) VALUES ('VDNT9283','9-Jul-48');
INSERT INTO Catalog_item (catid,contract_term) VALUES ('SQXZ1306','1-Sep-49');
INSERT INTO Catalog_item (catid,contract_term) VALUES ('YQHH6457','21-Dec-30');
INSERT INTO Catalog_item (catid,contract_term) VALUES ('NPPH3852','27-Jan-33');

-- Journal
INSERT INTO Journal (jid,jtitle,jvol,content) VALUES ('YZAQ6317','Potential of Native Organic Feeding Stuffs in Poultry Production',28,'the content of journal: Potential of Native...');
INSERT INTO Journal (jid,jtitle,jvol,content) VALUES ('ABIQ2755','Water the Epic Struggle for Wealth, Power, and Civilization',79,'the content of journal: Water the Epic...');
INSERT INTO Journal (jid,jtitle,jvol,content) VALUES ('OVKQ3250','Nebraskas Twin Cities',30,'the content of journal: Nebraskas Twin Cities');
INSERT INTO Journal (jid,jtitle,jvol,content) VALUES ('ZNMF0012','The Role of Time and Time Perspective',19,'the content of journal: The Role of Time...');
INSERT INTO Journal (jid,jtitle,jvol,content) VALUES ('NSYD3340','Serum Biochemistry of Lumpy Skin Disease Virus-Infected Cattle',55,'the content of journal: Serum Biochemistry of Lumpy...');
INSERT INTO Journal (jid,jtitle,jvol,content) VALUES ('HCEE1463','Low-power Depth-based Descending Stair Detection for Smart Assistive Devices',75,'the content of journal: Low-power Depth-based...');
INSERT INTO Journal (jid,jtitle,jvol,content) VALUES ('TSOW8238','LISP: A Southbound SDN Protocol?',5,'the content of journal: LISP: A Southbound SDN Protocol?');
INSERT INTO Journal (jid,jtitle,jvol,content) VALUES ('ERRZ8161','Remarque en toy telle marque',73,'the content of journal: Remarque en toy telle marque');
INSERT INTO Journal (jid,jtitle,jvol,content) VALUES ('NPPH3852','Dynamic Assessment of Exposure to Air Pollution Using Mobile Phone Data',52,'the content of journal: Dynamic Assessment of Exposure...');

-- Magazine
INSERT INTO Magazine (mid,mtitle,jvol,content) VALUES ('ZLYG9928','10 Studies to Help Shape Your Health',73,'The content of magazine: 10 Studies to Help...');
INSERT INTO Magazine (mid,mtitle,jvol,content) VALUES ('UENO6668','Neurodegeneration: Cold shock protects the brain',99,'The content of magazine: Neurodegeneration...');
INSERT INTO Magazine (mid,mtitle,jvol,content) VALUES ('RYMF2195','Canadas History Society Annual Report 2015',62,'The content of magazine: Canadas History 2015...');
INSERT INTO Magazine (mid,mtitle,jvol,content) VALUES ('RHBY3015','Off-Grid Food Preservation',15,'The content of magazine: Off-Grid Food Preservation');
INSERT INTO Magazine (mid,mtitle,jvol,content) VALUES ('ESCF0068','Foods You Should (and Can) Produce Yourself and Why',38,'The content of magazine: Foods You Should Produce Yourself...');
INSERT INTO Magazine (mid,mtitle,jvol,content) VALUES ('HPNL1208','How is Bitcoin money',68,'The content of magazine: How is Bitcoin money');
INSERT INTO Magazine (mid,mtitle,jvol,content) VALUES ('YQHH6457','Can you change how you feel about money?',71,'The content of magazine: Can you change how you feel about money?');

-- Book
INSERT INTO Book (bid,btitle,edition,content) VALUES ('IXUU3646','Moby-Dick',1,'The content of book: Moby-Dick');
INSERT INTO Book (bid,btitle,edition,content) VALUES ('IBNV2946','The Old Lady Who Swallowed a Fly',3,'The content of book: The Old Lady...');
INSERT INTO Book (bid,btitle,edition,content) VALUES ('LHHD8542','Animal Farm',1,'The content of book: Animal Farm');
INSERT INTO Book (bid,btitle,edition,content) VALUES ('NJEQ6977','Wuthering Heights',1,'The content of book: Wuthering Heights');
INSERT INTO Book (bid,btitle,edition,content) VALUES ('CEVT7059','Mrs Dalloway',2,'The content of book: Mrs Dalloway');
INSERT INTO Book (bid,btitle,edition,content) VALUES ('VMGS7843','The Bell Jar',2,'The content of book: The Bell Jar');
INSERT INTO Book (bid,btitle,edition,content) VALUES ('QEDL4413','A Confederacy of Dunces',8,'The content of book: A Confederacy of Dunces');
INSERT INTO Book (bid,btitle,edition,content) VALUES ('HZLE2432','The Trial',1,'The content of book: The Trial');
INSERT INTO Book (bid,btitle,edition,content) VALUES ('LQVR8230','Finnegans Wake',4,'The content of book: Finnegans Wake');
INSERT INTO Book (bid,btitle,edition,content) VALUES ('VOTV6503','Sons and Lovers',1,'The content of book: Sons and Lovers');
INSERT INTO Book (bid,btitle,edition,content) VALUES ('VDNT9283','Gravitys Rainbow',3,'The content of book: Gravitys Rainbow');
INSERT INTO Book (bid,btitle,edition,content) VALUES ('SQXZ1306','The Old Man and the Sea',3,'The content of book: The Old Man...');

-- Conference_proceedings
INSERT INTO Conference_proceedings (cid,cptitle,content) VALUES ('KQZJ4175','Iterated mutation in an evolutionary algorithm for Sudoku','The content of proceeding: Iterated mutation...');
INSERT INTO Conference_proceedings (cid,cptitle,content) VALUES ('VXWY8161','Probabilistic neural networks structure optimization through genetic algorithms for recognizing faces under illumination variations','The content of proceeding: Probabilistic neural...');
INSERT INTO Conference_proceedings (cid,cptitle,content) VALUES ('BKGN1857','Wind Power Plant Prediction by Using Neural Networks','The content of proceeding: Wind Power Plant Prediction...');
INSERT INTO Conference_proceedings (cid,cptitle,content) VALUES ('IXNJ8371','CFD analysis of pre-cooling water spray system in natural draft dry cooling towers','The content of proceeding: CFD analysis of pre-cooling...');
INSERT INTO Conference_proceedings (cid,cptitle,content) VALUES ('ITCL7144','Host computer software design of MAA hydrolysis reaction based on WINCC configuration software','The content of proceeding: Host computer software...');

-- Publishes
INSERT INTO Publishes (catid,pcid,year) VALUES ('YZAQ6317',37270,1998);
INSERT INTO Publishes (catid,pcid,year) VALUES ('ABIQ2755',45671,2002);
INSERT INTO Publishes (catid,pcid,year) VALUES ('OVKQ3250',27542,1967);
INSERT INTO Publishes (catid,pcid,year) VALUES ('ZNMF0012',87623,2009);
INSERT INTO Publishes (catid,pcid,year) VALUES ('NSYD3340',12076,1994);
INSERT INTO Publishes (catid,pcid,year) VALUES ('HCEE1463',31677,2000);
INSERT INTO Publishes (catid,pcid,year) VALUES ('TSOW8238',31677,1992);
INSERT INTO Publishes (catid,pcid,year) VALUES ('ERRZ8161',17588,1967);
INSERT INTO Publishes (catid,pcid,year) VALUES ('NPPH3852',31677,1980);
INSERT INTO Publishes (catid,pcid,year) VALUES ('ZLYG9928',15470,2000);
INSERT INTO Publishes (catid,pcid,year) VALUES ('UENO6668',15470,2003);
INSERT INTO Publishes (catid,pcid,year) VALUES ('RYMF2195',77523,1995);
INSERT INTO Publishes (catid,pcid,year) VALUES ('RHBY3015',73864,2002);
INSERT INTO Publishes (catid,pcid,year) VALUES ('ESCF0068',73864,2000);
INSERT INTO Publishes (catid,pcid,year) VALUES ('HPNL1208',02585,2011);
INSERT INTO Publishes (catid,pcid,year) VALUES ('YQHH6457',79566,1982);
INSERT INTO Publishes (catid,pcid,year) VALUES ('IXUU3646',20527,1990);
INSERT INTO Publishes (catid,pcid,year) VALUES ('IBNV2946',75892,1994);
INSERT INTO Publishes (catid,pcid,year) VALUES ('LHHD8542',85680,1968);
INSERT INTO Publishes (catid,pcid,year) VALUES ('NJEQ6977',00451,1994);
INSERT INTO Publishes (catid,pcid,year) VALUES ('CEVT7059',45762,1994);
INSERT INTO Publishes (catid,pcid,year) VALUES ('VMGS7843',73243,2011);
INSERT INTO Publishes (catid,pcid,year) VALUES ('QEDL4413',28954,2003);
INSERT INTO Publishes (catid,pcid,year) VALUES ('HZLE2432',44641,2003);
INSERT INTO Publishes (catid,pcid,year) VALUES ('LQVR8230',76522,1978);
INSERT INTO Publishes (catid,pcid,year) VALUES ('VOTV6503',14891,1997);
INSERT INTO Publishes (catid,pcid,year) VALUES ('VDNT9283',98567,1999);
INSERT INTO Publishes (catid,pcid,year) VALUES ('SQXZ1306',25228,1970);
INSERT INTO Publishes (catid,pcid,year) VALUES ('KQZJ4175',45629,2008);
INSERT INTO Publishes (catid,pcid,year) VALUES ('VXWY8161',45629,2014);
INSERT INTO Publishes (catid,pcid,year) VALUES ('BKGN1857',12354,2015);
INSERT INTO Publishes (catid,pcid,year) VALUES ('IXNJ8371',03485,1996);
INSERT INTO Publishes (catid,pcid,year) VALUES ('ITCL7144',15587,2016);

-- Edits
INSERT INTO Edits (catid,pid) VALUES ('YZAQ6317',102);
INSERT INTO Edits (catid,pid) VALUES ('ABIQ2755',106);
INSERT INTO Edits (catid,pid) VALUES ('OVKQ3250',107);
INSERT INTO Edits (catid,pid) VALUES ('ZNMF0012',107);
INSERT INTO Edits (catid,pid) VALUES ('NSYD3340',117);
INSERT INTO Edits (catid,pid) VALUES ('HCEE1463',130);
INSERT INTO Edits (catid,pid) VALUES ('TSOW8238',103);
INSERT INTO Edits (catid,pid) VALUES ('ERRZ8161',102);
INSERT INTO Edits (catid,pid) VALUES ('NPPH3852',103);
INSERT INTO Edits (catid,pid) VALUES ('ZLYG9928',106);
INSERT INTO Edits (catid,pid) VALUES ('UENO6668',106);
INSERT INTO Edits (catid,pid) VALUES ('RYMF2195',117);
INSERT INTO Edits (catid,pid) VALUES ('RHBY3015',131);
INSERT INTO Edits (catid,pid) VALUES ('ESCF0068',135);
INSERT INTO Edits (catid,pid) VALUES ('HPNL1208',107);
INSERT INTO Edits (catid,pid) VALUES ('YQHH6457',135);
INSERT INTO Edits (catid,pid) VALUES ('IXUU3646',103);
INSERT INTO Edits (catid,pid) VALUES ('IBNV2946',102);
INSERT INTO Edits (catid,pid) VALUES ('LHHD8542',135);
INSERT INTO Edits (catid,pid) VALUES ('NJEQ6977',135);
INSERT INTO Edits (catid,pid) VALUES ('CEVT7059',117);
INSERT INTO Edits (catid,pid) VALUES ('VMGS7843',135);
INSERT INTO Edits (catid,pid) VALUES ('QEDL4413',102);
INSERT INTO Edits (catid,pid) VALUES ('HZLE2432',135);
INSERT INTO Edits (catid,pid) VALUES ('LQVR8230',134);
INSERT INTO Edits (catid,pid) VALUES ('VOTV6503',131);
INSERT INTO Edits (catid,pid) VALUES ('VDNT9283',103);
INSERT INTO Edits (catid,pid) VALUES ('SQXZ1306',130);
INSERT INTO Edits (catid,pid) VALUES ('KQZJ4175',108);
INSERT INTO Edits (catid,pid) VALUES ('VXWY8161',108);
INSERT INTO Edits (catid,pid) VALUES ('BKGN1857',107);
INSERT INTO Edits (catid,pid) VALUES ('IXNJ8371',117);
INSERT INTO Edits (catid,pid) VALUES ('ITCL7144',103);

-- Writes
INSERT INTO Writes (catid,pid) VALUES ('YZAQ6317',122);
INSERT INTO Writes (catid,pid) VALUES ('ABIQ2755',145);
INSERT INTO Writes (catid,pid) VALUES ('OVKQ3250',147);
INSERT INTO Writes (catid,pid) VALUES ('ZNMF0012',146);
INSERT INTO Writes (catid,pid) VALUES ('NSYD3340',103);
INSERT INTO Writes (catid,pid) VALUES ('HCEE1463',103);
INSERT INTO Writes (catid,pid) VALUES ('TSOW8238',126);
INSERT INTO Writes (catid,pid) VALUES ('ERRZ8161',126);
INSERT INTO Writes (catid,pid) VALUES ('ERRZ8161',122);
INSERT INTO Writes (catid,pid) VALUES ('ERRZ8161',146);
INSERT INTO Writes (catid,pid) VALUES ('NPPH3852',146);
INSERT INTO Writes (catid,pid) VALUES ('ZLYG9928',102);
INSERT INTO Writes (catid,pid) VALUES ('UENO6668',119);
INSERT INTO Writes (catid,pid) VALUES ('RYMF2195',121);
INSERT INTO Writes (catid,pid) VALUES ('RHBY3015',141);
INSERT INTO Writes (catid,pid) VALUES ('RHBY3015',103);
INSERT INTO Writes (catid,pid) VALUES ('ESCF0068',152);
INSERT INTO Writes (catid,pid) VALUES ('HPNL1208',153);
INSERT INTO Writes (catid,pid) VALUES ('YQHH6457',153);
INSERT INTO Writes (catid,pid) VALUES ('IXUU3646',102);
INSERT INTO Writes (catid,pid) VALUES ('IBNV2946',153);
INSERT INTO Writes (catid,pid) VALUES ('IBNV2946',152);
INSERT INTO Writes (catid,pid) VALUES ('LHHD8542',103);
INSERT INTO Writes (catid,pid) VALUES ('NJEQ6977',153);
INSERT INTO Writes (catid,pid) VALUES ('CEVT7059',152);
INSERT INTO Writes (catid,pid) VALUES ('VMGS7843',124);
INSERT INTO Writes (catid,pid) VALUES ('QEDL4413',117);
INSERT INTO Writes (catid,pid) VALUES ('HZLE2432',151);
INSERT INTO Writes (catid,pid) VALUES ('HZLE2432',103);
INSERT INTO Writes (catid,pid) VALUES ('HZLE2432',153);
INSERT INTO Writes (catid,pid) VALUES ('HZLE2432',120);
INSERT INTO Writes (catid,pid) VALUES ('LQVR8230',150);
INSERT INTO Writes (catid,pid) VALUES ('VOTV6503',147);
INSERT INTO Writes (catid,pid) VALUES ('VDNT9283',142);
INSERT INTO Writes (catid,pid) VALUES ('SQXZ1306',123);
INSERT INTO Writes (catid,pid) VALUES ('KQZJ4175',118);
INSERT INTO Writes (catid,pid) VALUES ('KQZJ4175',147);
INSERT INTO Writes (catid,pid) VALUES ('VXWY8161',130);
INSERT INTO Writes (catid,pid) VALUES ('BKGN1857',125);
INSERT INTO Writes (catid,pid) VALUES ('IXNJ8371',120);
INSERT INTO Writes (catid,pid) VALUES ('ITCL7144',120);

-- Reference
INSERT INTO Reference (catid,cite_id) VALUES ('YZAQ6317','TSOW8238');
INSERT INTO Reference (catid,cite_id) VALUES ('ABIQ2755','IXUU3646');
INSERT INTO Reference (catid,cite_id) VALUES ('TSOW8238','ZLYG9928');
INSERT INTO Reference (catid,cite_id) VALUES ('ERRZ8161','NPPH3852');
INSERT INTO Reference (catid,cite_id) VALUES ('ERRZ8161','YQHH6457');
INSERT INTO Reference (catid,cite_id) VALUES ('ERRZ8161','IXUU3646');
INSERT INTO Reference (catid,cite_id) VALUES ('ZLYG9928','ITCL7144');
INSERT INTO Reference (catid,cite_id) VALUES ('UENO6668','ZLYG9928');
INSERT INTO Reference (catid,cite_id) VALUES ('RYMF2195','ITCL7144');
INSERT INTO Reference (catid,cite_id) VALUES ('RHBY3015','CEVT7059');
INSERT INTO Reference (catid,cite_id) VALUES ('RHBY3015','VOTV6503');
INSERT INTO Reference (catid,cite_id) VALUES ('RHBY3015','VXWY8161');
INSERT INTO Reference (catid,cite_id) VALUES ('ESCF0068','ERRZ8161');
INSERT INTO Reference (catid,cite_id) VALUES ('ESCF0068','YQHH6457');
INSERT INTO Reference (catid,cite_id) VALUES ('IXUU3646','BKGN1857');
INSERT INTO Reference (catid,cite_id) VALUES ('NJEQ6977','ESCF0068');
INSERT INTO Reference (catid,cite_id) VALUES ('NJEQ6977','IXUU3646');
INSERT INTO Reference (catid,cite_id) VALUES ('NJEQ6977','LHHD8542');
INSERT INTO Reference (catid,cite_id) VALUES ('NJEQ6977','ZLYG9928');
INSERT INTO Reference (catid,cite_id) VALUES ('QEDL4413','BKGN1857');
INSERT INTO Reference (catid,cite_id) VALUES ('VOTV6503','BKGN1857');
INSERT INTO Reference (catid,cite_id) VALUES ('SQXZ1306','VOTV6503');
INSERT INTO Reference (catid,cite_id) VALUES ('SQXZ1306','ESCF0068');
INSERT INTO Reference (catid,cite_id) VALUES ('IXNJ8371','NJEQ6977');

-- Located_at
INSERT INTO Located_at (pcid,street,city,state) VALUES (15587,'6850 Pharetra. St.','Shreveport','Colorado');
INSERT INTO Located_at (pcid,street,city,state) VALUES (37270,'Ap #473-9604 Phasellus Street','Columbia','Minnesota');
INSERT INTO Located_at (pcid,street,city,state) VALUES (45671,'Ap #468-2092 Ac, Rd.','Silchar','Minnesota');
INSERT INTO Located_at (pcid,street,city,state) VALUES (27542,'5609 Auctor Street','Berlin','Minnesota');
INSERT INTO Located_at (pcid,street,city,state) VALUES (87623,'823-6082 Aliquet Street','Münster','Nebraska');
INSERT INTO Located_at (pcid,street,city,state) VALUES (12076,'946-7062 Nulla St.','Albacete','Minnesota');
INSERT INTO Located_at (pcid,street,city,state) VALUES (31677,'P.O. Box 194, 6625 Pede, Street','Värnamo','Minnesota');
INSERT INTO Located_at (pcid,street,city,state) VALUES (17588,'243 Lacus. Rd.','Dollard-des-Ormeaux','Quebec');
INSERT INTO Located_at (pcid,street,city,state) VALUES (15470,'Ap #757-4829 Malesuada Avenue','Acireale','Minnesota');
INSERT INTO Located_at (pcid,street,city,state) VALUES (77523,'192-9330 In St.','Stamford','Connecticut');
INSERT INTO Located_at (pcid,street,city,state) VALUES (73864,'318-3010 Mauris Street','Whitewater Region Township','Ontario');
INSERT INTO Located_at (pcid,street,city,state) VALUES (02585,'2205 Mollis. Rd.','Kızılcahamam','Ontario');
INSERT INTO Located_at (pcid,street,city,state) VALUES (79566,'P.O. Box 249, 6195 Ultrices Av.','Åkersberga','Ontario');
INSERT INTO Located_at (pcid,street,city,state) VALUES (20527,'9787 Risus. St.','Batiscan','Minnesota');
INSERT INTO Located_at (pcid,street,city,state) VALUES (75892,'P.O. Box 664, 6374 Ornare. St.','Martigues','Minnesota');
INSERT INTO Located_at (pcid,street,city,state) VALUES (85680,'Ap #599-5532 Quis, Road','Ankara','Minnesota');
INSERT INTO Located_at (pcid,street,city,state) VALUES (00451,'8108 Elit, Street','Flushing','Texas');
INSERT INTO Located_at (pcid,street,city,state) VALUES (45762,'Ap #859-3812 Lorem St.','Ajax','Texas');
INSERT INTO Located_at (pcid,street,city,state) VALUES (73243,'8127 Nullam Ave','Vienna','Nebraska');
INSERT INTO Located_at (pcid,street,city,state) VALUES (28954,'P.O. Box 929, 3642 Arcu. Rd.','Foz do Iguaçu','Rhode Island');
INSERT INTO Located_at (pcid,street,city,state) VALUES (44641,'157-7287 Ipsum St.','Tilburg','Mississippi');
INSERT INTO Located_at (pcid,street,city,state) VALUES (76522,'Ap #557-8932 Eu Rd.','Heerhugowaard','Nebraska');
INSERT INTO Located_at (pcid,street,city,state) VALUES (14891,'P.O. Box 892, 8153 Elementum Av.','Cornwall','Ontario');
INSERT INTO Located_at (pcid,street,city,state) VALUES (98567,'P.O. Box 134, 8836 Eu Rd.','Pero','Nebraska');
INSERT INTO Located_at (pcid,street,city,state) VALUES (25228,'4409 Nulla St.','Boo','Nebraska');
INSERT INTO Located_at (pcid,street,city,state) VALUES (45629,'936-1974 Non, Avenue','Mataró','Colorado');
INSERT INTO Located_at (pcid,street,city,state) VALUES (12354,'9147 Nec Rd.','Coltauco','Rhode Island');
INSERT INTO Located_at (pcid,street,city,state) VALUES (03485,'625-4729 Ipsum Road','Châtellerault','Delaware');

-- Lives_at
INSERT INTO Lives_at (pid,street,city,state) VALUES (102,'723 Imperdiet, St.','Dublin','Pennsylvania');
INSERT INTO Lives_at (pid,street,city,state) VALUES (103,'Ap #426-3290 Arcu. Road','Arquata del Tronto','Minnesota');
INSERT INTO Lives_at (pid,street,city,state) VALUES (106,'Ap #983-1695 Sagittis. St.','Orai','Minnesota');
INSERT INTO Lives_at (pid,street,city,state) VALUES (107,'777-7445 Non Avenue','Wodonga','Nebraska');
INSERT INTO Lives_at (pid,street,city,state) VALUES (108,'591-127 Id, Avenue','Dublin','Pennsylvania');
INSERT INTO Lives_at (pid,street,city,state) VALUES (117,'777-7445 Non Avenue','Wodonga','Nebraska');
INSERT INTO Lives_at (pid,street,city,state) VALUES (118,'784-5985 Magna. Avenue','Cáceres','Nebraska');
INSERT INTO Lives_at (pid,street,city,state) VALUES (119,'3200 Quisque St.','Waitara','Minnesota');
INSERT INTO Lives_at (pid,street,city,state) VALUES (120,'5976 In St.','Morvi','Minnesota');
INSERT INTO Lives_at (pid,street,city,state) VALUES (121,'243 Lacus. Rd.','Dollard-des-Ormeaux','Quebec');
INSERT INTO Lives_at (pid,street,city,state) VALUES (122,'8043 Eu Rd.','Hattiesburg','Mississippi');
INSERT INTO Lives_at (pid,street,city,state) VALUES (123,'Ap #142-5999 In, St.','Istanbul','Delaware');
INSERT INTO Lives_at (pid,street,city,state) VALUES (124,'823-6082 Aliquet Street','Münster','Nebraska');
INSERT INTO Lives_at (pid,street,city,state) VALUES (125,'5663 Ut St.','Täby','Nebraska');
INSERT INTO Lives_at (pid,street,city,state) VALUES (126,'986-6598 A, St.','Southend','Nebraska');
INSERT INTO Lives_at (pid,street,city,state) VALUES (130,'384-4624 Id, Ave','Castelló','Minnesota');
INSERT INTO Lives_at (pid,street,city,state) VALUES (131,'823-6082 Aliquet Street','Münster','Nebraska');
INSERT INTO Lives_at (pid,street,city,state) VALUES (134,'Ap #811-9645 Luctus. St.','Newark','Minnesota');
INSERT INTO Lives_at (pid,street,city,state) VALUES (135,'3551 Donec Rd.','Kapiti','Wyoming');
INSERT INTO Lives_at (pid,street,city,state) VALUES (141,'837-2305 Elementum Ave','Vienna','Nebraska');
INSERT INTO Lives_at (pid,street,city,state) VALUES (142,'P.O. Box 729, 5301 Pede Av.','Bulandshahr','Nebraska');
INSERT INTO Lives_at (pid,street,city,state) VALUES (145,'P.O. Box 534, 5001 Gravida. St.','Taupo','South Carolina');
INSERT INTO Lives_at (pid,street,city,state) VALUES (146,'Ap #361-8040 Vitae Av.','Cache Creek','New Hampshire');
INSERT INTO Lives_at (pid,street,city,state) VALUES (147,'P.O. Box 277, 6619 Tincidunt Av.','Liberia','Hawaii');
INSERT INTO Lives_at (pid,street,city,state) VALUES (150,'Ap #624-9680 Donec Ave','Barranca','New Hampshire');
INSERT INTO Lives_at (pid,street,city,state) VALUES (151,'P.O. Box 190, 9744 Auctor. St.','Haarlem','Maryland');
INSERT INTO Lives_at (pid,street,city,state) VALUES (152,'P.O. Box 232, 5659 Sed Avenue','Tarnów','Maryland');
INSERT INTO Lives_at (pid,street,city,state) VALUES (153,'703-9416 Semper St.','Borno','Michigan');

-- Creates
INSERT INTO Creates (vid,user_id,sid) VALUES (1000,'u1000','HTC81ARU6VV');
INSERT INTO Creates (vid,user_id,sid) VALUES (1050,'u1050','JZK68EZI9CN');
INSERT INTO Creates (vid,user_id,sid) VALUES (1100,'u1100','LAY62ERU4CX');
INSERT INTO Creates (vid,user_id,sid) VALUES (1150,'u1150','MRN33QSD9ZS');
INSERT INTO Creates (vid,user_id,sid) VALUES (1200,'u1200','AYG49JID9QS');
INSERT INTO Creates (vid,user_id,sid) VALUES (1250,'u1250','ULB07XAU1AJ');
INSERT INTO Creates (vid,user_id,sid) VALUES (1300,'u1300','DGK38CIH5HH');
INSERT INTO Creates (vid,user_id,sid) VALUES (1350,'u1350','NNP32LKF4VK');
INSERT INTO Creates (vid,user_id,sid) VALUES (1400,'u1400','QWE93IZB7XI');
INSERT INTO Creates (vid,user_id,sid) VALUES (1450,'u1450','ALC68UVE0WM');
